	use: yes	use: mostly yes	use: mostly no	use: no	2023	2024	time: > 5 years	time: > 2 years	time: > 6 months	time: > 3 months	time: < 3 months	dict-readers	sunoers	redditors	discorders	2023_cat	2024_cat	cat_changed
sina	918.0	0.0	0.0	0.0	100.0	100.0	100.0	100.0	100.0	100.0	100.0	100.0	100.0	100.0	100.0	core	core	False
pona	918.0	0.0	0.0	0.0	100.0	100.0	100.0	100.0	100.0	100.0	100.0	100.0	100.0	100.0	100.0	core	core	False
moku	918.0	0.0	0.0	0.0	99.96	100.0	100.0	100.0	100.0	100.0	100.0	100.0	100.0	100.0	100.0	core	core	False
toki	918.0	0.0	0.0	0.0	100.0	100.0	100.0	100.0	100.0	100.0	100.0	100.0	100.0	100.0	100.0	core	core	False
nimi	918.0	0.0	0.0	0.0	99.88	100.0	100.0	100.0	100.0	100.0	100.0	100.0	100.0	100.0	100.0	core	core	False
li	918.0	0.0	0.0	0.0	99.88	100.0	100.0	100.0	100.0	100.0	100.0	100.0	100.0	100.0	100.0	core	core	False
sona	918.0	0.0	0.0	0.0	99.96	100.0	100.0	100.0	100.0	100.0	100.0	100.0	100.0	100.0	100.0	core	core	False
ni	918.0	0.0	0.0	0.0	99.88	100.0	100.0	100.0	100.0	100.0	100.0	100.0	100.0	100.0	100.0	core	core	False
suli	918.0	0.0	0.0	0.0	99.58	100.0	100.0	100.0	100.0	100.0	100.0	100.0	100.0	100.0	100.0	core	core	False
lon	918.0	0.0	0.0	0.0	99.65	100.0	100.0	100.0	100.0	100.0	100.0	100.0	100.0	100.0	100.0	core	core	False
ilo	917.0	1.0	0.0	0.0	99.69	99.96	100.0	100.0	100.0	100.0	99.75	99.8	100.0	100.0	100.0	core	core	False
tawa	917.0	1.0	0.0	0.0	99.92	99.96	100.0	100.0	100.0	99.77	100.0	100.0	100.0	100.0	100.0	core	core	False
musi	917.0	1.0	0.0	0.0	99.88	99.96	100.0	100.0	99.91	100.0	100.0	100.0	100.0	100.0	99.92	core	core	False
lape	917.0	1.0	0.0	0.0	99.77	99.96	100.0	100.0	99.91	100.0	100.0	100.0	100.0	100.0	99.92	core	core	False
mute	917.0	1.0	0.0	0.0	99.96	99.96	100.0	100.0	99.91	100.0	100.0	100.0	100.0	100.0	99.92	core	core	False
ike	917.0	1.0	0.0	0.0	99.85	99.96	100.0	100.0	99.91	100.0	100.0	100.0	100.0	100.0	99.92	core	core	False
tenpo	917.0	1.0	0.0	0.0	99.81	99.96	100.0	100.0	99.91	100.0	100.0	100.0	100.0	100.0	99.92	core	core	False
lili	917.0	1.0	0.0	0.0	100.0	99.96	100.0	100.0	99.91	100.0	100.0	100.0	100.0	100.0	99.92	core	core	False
e	917.0	1.0	0.0	0.0	99.96	99.96	100.0	100.0	99.91	100.0	100.0	100.0	100.0	100.0	99.92	core	core	False
ala	917.0	0.0	1.0	0.0	100.0	99.93	100.0	100.0	99.83	100.0	100.0	99.61	100.0	100.0	100.0	core	core	False
kama	916.0	2.0	0.0	0.0	99.54	99.93	100.0	100.0	99.91	100.0	99.75	100.0	100.0	99.47	99.92	core	core	False
wile	916.0	2.0	0.0	0.0	99.77	99.93	100.0	99.85	99.91	100.0	100.0	100.0	100.0	99.47	99.92	core	core	False
pakala	916.0	2.0	0.0	0.0	99.81	99.93	100.0	100.0	99.91	99.77	100.0	99.8	100.0	100.0	99.92	core	core	False
sin	916.0	2.0	0.0	0.0	99.46	99.93	100.0	100.0	99.91	100.0	99.75	100.0	100.0	99.47	99.92	core	core	False
lipu	916.0	2.0	0.0	0.0	99.69	99.93	100.0	99.85	99.91	100.0	100.0	100.0	100.0	100.0	99.85	core	core	False
la	916.0	2.0	0.0	0.0	99.85	99.93	100.0	100.0	99.91	99.77	100.0	99.8	100.0	100.0	99.92	core	core	False
o	916.0	2.0	0.0	0.0	99.92	99.93	100.0	100.0	99.83	100.0	100.0	99.8	100.0	100.0	99.92	core	core	False
soweli	916.0	2.0	0.0	0.0	99.96	99.93	100.0	100.0	99.91	100.0	99.75	100.0	100.0	99.47	99.92	core	core	False
sitelen	916.0	1.0	1.0	0.0	99.69	99.89	100.0	99.7	100.0	99.77	100.0	99.8	100.0	100.0	99.85	core	core	False
wan	915.0	3.0	0.0	0.0	99.81	99.89	100.0	99.7	99.91	100.0	100.0	100.0	100.0	100.0	99.77	core	core	False
seme	916.0	1.0	1.0	0.0	99.77	99.89	100.0	99.7	99.91	100.0	100.0	100.0	100.0	98.94	99.92	core	core	False
telo	916.0	1.0	1.0	0.0	99.92	99.89	100.0	100.0	99.83	100.0	99.75	100.0	100.0	99.47	99.85	core	core	False
ma	916.0	1.0	1.0	0.0	99.77	99.89	100.0	100.0	99.91	99.55	100.0	99.61	100.0	100.0	99.92	core	core	False
mi	917.0	0.0	0.0	1.0	99.88	99.89	100.0	99.55	100.0	100.0	100.0	100.0	100.0	100.0	100.0	core	core	False
wawa	916.0	1.0	1.0	0.0	99.81	99.89	100.0	100.0	99.91	99.55	100.0	99.61	100.0	100.0	99.92	core	core	False
ken	916.0	1.0	1.0	0.0	99.81	99.89	100.0	100.0	99.74	100.0	100.0	100.0	100.0	100.0	99.77	core	core	False
suno	915.0	3.0	0.0	0.0	99.54	99.89	100.0	100.0	99.91	99.77	99.75	99.8	100.0	99.47	99.92	core	core	False
taso	916.0	1.0	1.0	0.0	99.42	99.89	100.0	100.0	100.0	100.0	99.24	99.8	100.0	98.94	100.0	core	core	False
pana	916.0	1.0	0.0	1.0	99.54	99.85	100.0	100.0	99.74	99.77	100.0	99.8	100.0	100.0	99.77	core	core	False
ijo	915.0	2.0	1.0	0.0	99.54	99.85	100.0	99.85	99.91	99.55	100.0	99.61	100.0	100.0	99.85	core	core	False
kulupu	915.0	2.0	1.0	0.0	99.81	99.85	100.0	100.0	99.74	100.0	99.75	99.8	100.0	100.0	99.77	core	core	False
sike	914.0	4.0	0.0	0.0	99.5	99.85	100.0	100.0	99.91	100.0	99.24	99.8	100.0	99.47	99.85	core	core	False
moli	914.0	4.0	0.0	0.0	99.39	99.85	100.0	99.85	99.91	100.0	99.49	99.8	100.0	98.94	99.92	core	core	False
pilin	915.0	2.0	0.0	1.0	100.0	99.82	100.0	99.85	99.65	100.0	100.0	100.0	100.0	100.0	99.62	core	core	False
linja	913.0	5.0	0.0	0.0	99.46	99.82	100.0	100.0	99.74	100.0	99.49	100.0	100.0	99.47	99.69	core	core	False
nasin	914.0	3.0	1.0	0.0	99.65	99.82	100.0	99.7	99.91	100.0	99.49	100.0	100.0	98.41	99.85	core	core	False
pali	914.0	3.0	1.0	0.0	99.58	99.82	100.0	99.7	99.91	99.55	100.0	99.61	100.0	99.47	99.92	core	core	False
luka	914.0	3.0	1.0	0.0	99.69	99.82	100.0	100.0	99.83	99.55	99.75	99.61	100.0	100.0	99.77	core	core	False
nasa	914.0	3.0	1.0	0.0	99.46	99.82	100.0	100.0	99.65	99.77	100.0	99.8	100.0	100.0	99.69	core	core	False
pini	914.0	3.0	1.0	0.0	99.54	99.82	100.0	99.55	99.91	100.0	99.75	99.61	100.0	99.47	99.85	core	core	False
tomo	914.0	3.0	1.0	0.0	99.81	99.82	100.0	99.85	99.83	100.0	99.49	100.0	100.0	99.47	99.69	core	core	False
jan	913.0	4.0	1.0	0.0	99.58	99.78	100.0	99.7	99.83	99.55	100.0	100.0	100.0	99.47	99.77	core	core	False
pi	915.0	0.0	3.0	0.0	99.31	99.78	100.0	99.39	99.83	100.0	100.0	100.0	100.0	98.94	99.85	core	core	False
kili	913.0	4.0	1.0	0.0	99.42	99.78	100.0	99.85	99.65	100.0	99.75	100.0	100.0	98.94	99.69	core	core	False
ona	915.0	1.0	1.0	1.0	99.62	99.78	100.0	99.55	99.83	99.77	100.0	99.8	100.0	100.0	99.62	core	core	False
sama	913.0	4.0	0.0	1.0	99.42	99.75	100.0	99.85	99.83	99.1	100.0	99.22	100.0	99.47	99.92	core	core	False
nanpa	913.0	3.0	2.0	0.0	99.54	99.75	100.0	99.85	99.83	99.55	99.49	99.8	100.0	99.47	99.85	core	core	False
kiwen	913.0	3.0	2.0	0.0	99.46	99.75	100.0	100.0	99.65	99.77	99.49	99.61	100.0	99.47	99.69	core	core	False
kasi	913.0	3.0	2.0	0.0	99.5	99.75	100.0	100.0	99.56	99.77	99.75	99.8	100.0	99.47	99.62	core	core	False
mama	914.0	1.0	3.0	0.0	99.85	99.75	100.0	99.85	99.65	99.55	100.0	99.61	100.0	100.0	99.62	core	core	False
lawa	914.0	2.0	1.0	1.0	99.42	99.75	100.0	99.55	99.74	99.77	100.0	99.61	100.0	100.0	99.62	core	core	False
loje	911.0	6.0	1.0	0.0	99.42	99.71	100.0	100.0	99.39	100.0	99.75	100.0	100.0	99.47	99.62	core	core	False
palisa	913.0	3.0	1.0	1.0	99.16	99.71	100.0	99.85	99.56	100.0	99.49	100.0	100.0	98.94	99.54	core	core	False
pimeja	912.0	4.0	1.0	1.0	99.77	99.67	100.0	99.55	99.65	99.77	99.75	99.8	100.0	99.47	99.46	core	core	False
olin	912.0	4.0	1.0	1.0	99.73	99.67	100.0	99.7	99.48	100.0	99.75	99.8	100.0	99.47	99.85	core	core	False
kalama	909.0	9.0	0.0	0.0	99.77	99.67	100.0	99.7	99.74	99.32	99.75	99.61	100.0	100.0	99.54	core	core	False
suwi	911.0	5.0	2.0	0.0	99.54	99.67	100.0	99.85	99.56	99.77	99.49	99.61	100.0	99.47	99.54	core	core	False
jelo	911.0	5.0	2.0	0.0	99.58	99.67	99.1	100.0	99.39	100.0	99.75	100.0	100.0	99.47	99.54	core	core	False
a	911.0	5.0	1.0	1.0	99.35	99.64	100.0	99.39	99.56	100.0	99.75	99.8	100.0	97.88	99.62	core	core	False
len	911.0	4.0	3.0	0.0	99.19	99.64	100.0	99.55	99.74	99.1	100.0	99.02	100.0	100.0	99.62	core	core	False
awen	909.0	8.0	1.0	0.0	99.27	99.64	100.0	99.7	99.65	99.32	99.75	99.22	100.0	98.41	99.92	core	core	False
tan	912.0	2.0	4.0	0.0	99.42	99.64	100.0	100.0	99.48	99.55	99.49	99.22	100.0	99.47	99.69	core	core	False
laso	911.0	5.0	1.0	1.0	99.0	99.64	100.0	100.0	99.3	100.0	99.49	100.0	100.0	99.47	99.39	core	core	False
ante	909.0	8.0	1.0	0.0	99.46	99.64	100.0	99.85	99.74	99.1	99.49	99.22	100.0	98.94	99.77	core	core	False
insa	911.0	5.0	1.0	1.0	99.5	99.64	100.0	100.0	99.91	98.87	98.98	98.82	100.0	99.47	99.85	core	core	False
kute	911.0	5.0	1.0	1.0	99.58	99.64	100.0	99.39	99.74	100.0	99.24	99.8	100.0	99.47	99.39	core	core	False
tu	911.0	4.0	2.0	1.0	99.58	99.6	100.0	99.39	99.74	99.32	99.75	99.41	100.0	100.0	99.46	core	core	False
sewi	912.0	3.0	1.0	2.0	99.19	99.6	100.0	99.39	99.65	100.0	99.24	98.82	100.0	100.0	99.62	core	core	False
seli	912.0	2.0	3.0	1.0	99.39	99.6	100.0	99.7	99.56	99.32	99.75	100.0	100.0	98.41	99.39	core	core	False
waso	912.0	3.0	1.0	2.0	99.27	99.6	100.0	100.0	99.21	100.0	99.49	100.0	100.0	99.47	99.23	core	core	False
weka	909.0	6.0	3.0	0.0	99.12	99.56	100.0	99.39	99.65	99.77	99.24	99.8	100.0	99.47	99.39	core	core	False
open	912.0	1.0	4.0	1.0	99.73	99.56	100.0	99.24	99.65	99.77	99.49	99.41	100.0	98.94	99.46	core	core	False
utala	908.0	7.0	3.0	0.0	99.58	99.53	100.0	99.24	99.65	99.55	99.49	99.8	100.0	98.94	99.39	core	core	False
jaki	909.0	5.0	4.0	0.0	99.27	99.53	100.0	99.7	99.21	99.55	100.0	99.41	100.0	100.0	99.23	core	core	False
kala	910.0	4.0	2.0	2.0	99.39	99.49	100.0	99.85	99.3	99.77	98.98	99.8	100.0	98.94	99.39	core	core	False
walo	908.0	6.0	4.0	0.0	99.5	99.49	100.0	99.7	99.39	99.77	98.98	99.8	100.0	99.47	99.23	core	core	False
poki	907.0	9.0	1.0	1.0	99.19	99.49	100.0	99.55	99.48	99.32	99.49	98.82	100.0	98.94	99.77	core	core	False
pipi	908.0	7.0	2.0	1.0	99.42	99.49	100.0	100.0	99.39	98.87	99.49	98.82	100.0	99.47	99.46	core	core	False
kepeken	908.0	5.0	5.0	0.0	99.62	99.46	100.0	99.39	99.04	100.0	100.0	99.61	100.0	99.47	99.31	core	core	False
anu	908.0	7.0	1.0	2.0	99.04	99.46	99.1	98.64	99.65	100.0	99.75	99.8	100.0	100.0	98.92	core	core	False
kule	909.0	5.0	2.0	2.0	99.35	99.46	100.0	99.55	99.04	100.0	99.75	100.0	100.0	98.41	99.16	core	core	False
ko	909.0	5.0	2.0	2.0	99.23	99.46	100.0	99.7	99.13	99.32	100.0	99.41	100.0	99.47	99.16	core	core	False
lupa	907.0	8.0	0.0	3.0	98.85	99.38	100.0	99.55	99.65	98.87	98.73	98.63	100.0	98.94	99.39	core	core	False
noka	906.0	8.0	3.0	1.0	98.85	99.38	100.0	98.94	99.65	99.55	98.98	99.41	100.0	98.94	99.23	core	core	False
en	905.0	10.0	2.0	1.0	99.0	99.38	99.1	99.7	98.95	99.55	100.0	99.41	100.0	100.0	99.0	core	core	False
sijelo	908.0	6.0	1.0	3.0	99.08	99.38	100.0	99.24	99.21	99.55	99.75	99.61	100.0	99.47	99.0	core	core	False
lete	908.0	4.0	4.0	2.0	99.08	99.35	100.0	99.39	99.04	100.0	99.24	100.0	100.0	99.47	99.08	core	core	False
poka	908.0	4.0	4.0	2.0	98.62	99.35	100.0	99.55	99.65	98.42	98.98	98.82	100.0	98.94	99.46	core	core	False
pan	906.0	7.0	3.0	2.0	99.12	99.31	100.0	99.55	98.95	99.32	99.75	100.0	100.0	98.41	99.0	core	core	False
anpa	905.0	8.0	4.0	1.0	99.31	99.31	100.0	99.55	99.3	99.55	98.47	99.61	100.0	97.88	99.16	core	core	False
kon	907.0	7.0	0.0	4.0	99.23	99.31	100.0	99.24	99.3	99.55	98.98	99.41	100.0	99.47	98.92	core	core	False
alasa	903.0	11.0	3.0	1.0	99.08	99.27	100.0	99.09	99.3	98.87	99.75	98.82	100.0	98.41	99.46	core	core	False
jo	905.0	6.0	6.0	1.0	98.66	99.24	98.2	99.39	99.04	99.55	99.49	99.61	100.0	98.41	99.08	core	core	False
supa	904.0	8.0	3.0	3.0	98.81	99.16	100.0	99.39	99.3	98.42	98.98	99.22	100.0	98.94	98.77	core	core	False
mun	905.0	5.0	5.0	3.0	99.39	99.13	100.0	99.55	98.87	99.55	98.47	99.02	100.0	97.35	99.23	core	core	False
lukin	906.0	5.0	1.0	6.0	99.27	99.09	100.0	98.64	99.04	99.1	99.75	99.41	99.12	97.88	98.85	core	core	False
sinpin	902.0	11.0	1.0	4.0	98.58	99.09	100.0	99.24	98.95	99.1	98.98	98.63	100.0	98.94	98.92	core	core	False
akesi	906.0	3.0	5.0	4.0	98.77	99.09	100.0	99.85	98.6	99.32	98.73	98.63	100.0	100.0	98.69	core	core	False
uta	903.0	8.0	3.0	4.0	99.08	99.06	100.0	98.79	98.87	99.55	99.24	99.61	100.0	99.47	98.69	core	core	False
mani	899.0	13.0	3.0	3.0	98.58	98.98	99.1	98.79	98.78	99.55	99.24	99.41	98.68	98.41	98.92	core	core	False
selo	898.0	9.0	7.0	4.0	98.43	98.73	100.0	98.03	99.21	99.55	97.2	99.41	100.0	96.3	98.46	core	core	False
nena	897.0	13.0	1.0	7.0	98.81	98.69	100.0	98.18	98.78	99.1	98.47	99.02	99.56	98.41	98.08	core	core	False
esun	893.0	16.0	6.0	3.0	98.23	98.66	99.1	98.18	99.3	98.2	97.96	99.02	99.56	98.94	98.39	core	core	False
monsi	896.0	9.0	9.0	4.0	98.73	98.58	100.0	97.73	98.87	98.87	98.47	98.63	98.68	96.3	98.62	core	core	False
mu	895.0	7.0	13.0	3.0	98.62	98.47	99.1	98.03	98.78	98.87	97.71	99.22	100.0	96.3	97.93	core	core	False
unpa	894.0	9.0	10.0	5.0	98.39	98.4	98.2	98.94	98.69	98.87	96.18	98.43	100.0	95.24	98.08	core	core	False
pu	858.0	15.0	17.0	28.0	96.31	95.17	98.2	96.21	95.29	95.95	91.35	94.12	98.68	96.3	95.01	core	core	False
ale	802.0	53.0	42.0	21.0	89.94	92.74	85.59	91.67	95.29	91.89	90.08	94.31	96.05	87.83	93.09	core	core	False
monsuta	631.0	182.0	53.0	52.0	83.29	83.88	81.98	83.33	87.78	86.71	70.74	82.35	91.67	81.48	83.49	common	common	False
kin	658.0	131.0	49.0	80.0	82.8	82.97	86.49	89.85	83.33	80.63	72.01	76.86	89.91	78.31	85.25	common	common	False
tonsi	632.0	154.0	56.0	76.0	82.83	82.06	79.28	86.21	85.08	81.08	68.19	78.04	90.35	74.6	83.33	common	common	False
meli	611.0	163.0	100.0	44.0	81.72	82.03	91.89	85.3	83.42	78.6	73.54	80.2	78.51	86.77	81.72	common	common	False
mije	605.0	165.0	103.0	45.0	81.53	81.63	93.69	85.0	82.98	77.25	73.54	80.39	77.63	88.36	80.95	common	common	False
kijetesantakalu	488.0	256.0	80.0	94.0	74.58	74.66	54.95	73.94	80.1	76.8	63.1	76.08	83.77	64.55	75.12	common	common	False
n	548.0	146.0	86.0	138.0	70.43	73.42	63.06	75.91	77.75	68.24	65.39	73.92	84.65	58.73	73.27	common	common	False
namako	502.0	195.0	90.0	131.0	69.59	72.11	79.28	78.48	73.91	70.05	56.49	69.41	84.21	71.43	72.12	common	common	False
kipisi	487.0	207.0	93.0	131.0	67.09	71.46	72.97	72.58	73.12	75.0	60.31	71.57	70.61	72.49	72.73	common	common	False
leko	466.0	217.0	82.0	153.0	70.05	69.5	64.86	75.15	72.08	70.72	52.42	65.69	75.88	68.25	71.51	common	common	False
ku	424.0	232.0	98.0	164.0	70.35	66.59	71.17	73.48	70.86	62.39	46.06	62.94	81.58	63.49	67.05	common	common	False
soko	444.0	185.0	85.0	204.0	62.6	64.89	54.05	72.58	66.93	65.99	47.84	60.39	78.07	62.43	66.36	common	common	False
misikeke	401.0	218.0	104.0	195.0	60.14	63.29	48.65	63.64	66.75	66.44	53.18	65.88	68.42	61.38	63.52	common	common	False
lanpan	374.0	184.0	122.0	238.0	58.29	58.53	44.14	60.3	64.05	57.21	45.04	58.04	59.65	52.91	60.6	uncommon	uncommon	False
oko	311.0	171.0	160.0	276.0	57.07	52.11	65.77	56.67	51.92	48.42	45.29	49.02	57.89	61.9	51.92	uncommon	uncommon	False
meso	312.0	185.0	125.0	296.0	51.92	51.96	38.74	54.09	57.07	47.3	42.49	52.55	50.88	53.97	53.99	uncommon	uncommon	False
su	316.0	176.0	86.0	340.0	0.46	50.33	36.04	54.39	55.58	49.1	33.59	44.51	71.93	51.32	51.31	sandbox	uncommon	True
epiku	227.0	261.0	165.0	265.0	52.92	49.67	27.93	43.94	52.97	53.38	51.65	52.55	49.56	48.68	50.61	uncommon	uncommon	False
majuna	271.0	154.0	139.0	354.0	34.25	45.75	54.95	49.09	48.95	43.47	30.79	42.75	53.07	48.68	45.93	uncommon	uncommon	False
jasima	203.0	218.0	147.0	350.0	43.16	43.28	43.24	44.39	46.42	47.07	27.99	47.45	45.61	43.39	44.24	uncommon	uncommon	False
nimisin	203.0	149.0	140.0	426.0	34.56	38.02	20.72	33.18	45.11	38.96	29.26	36.86	46.05	32.28	39.55	uncommon	uncommon	False
linluwi	188.0	155.0	167.0	408.0	34.22	37.8	34.23	40.91	41.71	36.04	24.17	41.18	42.98	34.92	37.48	uncommon	uncommon	False
ali	129.0	151.0	191.0	447.0	32.26	31.95	32.43	38.48	30.02	26.8	32.32	30.0	29.82	44.97	31.03	uncommon	uncommon	False
kokosila	77.0	176.0	143.0	522.0	31.41	26.36	17.12	28.79	28.62	25.23	19.59	26.08	35.53	32.28	27.19	uncommon	obscure	True
usawi	80.0	103.0	89.0	501.0	22.08	23.07	29.29	24.65	25.0	20.16	16.52	21.71	23.96	16.39	24.86	obscure	obscure	False
wuwojiti	94.0	127.0	77.0	620.0	22.47	22.26	16.22	20.76	26.44	23.87	12.47	20.2	25.0	23.81	22.81	obscure	obscure	False
kiki	97.0	103.0	90.0	628.0	28.8	21.31	24.32	25.0	22.95	18.24	12.98	19.22	23.68	21.16	21.74	obscure	obscure	False
powe	97.0	83.0	52.0	686.0	23.27	18.48	26.13	21.67	19.72	16.44	9.67	16.86	19.3	28.57	17.28	obscure	obscure	False
apeja	74.0	102.0	59.0	683.0	23.35	17.61	28.83	18.79	18.76	15.99	10.94	16.27	18.86	28.04	16.59	obscure	obscure	False
oke	72.0	76.0	62.0	708.0	23.96	15.61	21.62	15.61	17.71	13.51	10.18	15.88	13.16	10.58	17.28	obscure	obscure	False
omekapo	54.0	96.0	57.0	711.0	19.7	14.92	8.11	17.27	17.19	13.51	7.89	16.08	15.35	15.87	14.75	obscure	obscure	False
isipin	57.0	65.0	63.0	733.0	18.59	13.22	11.71	15.45	13.87	13.74	7.38	13.14	15.35	15.34	13.36	obscure	obscure	False
yupekosi	39.0	75.0	82.0	722.0	21.58	12.67	10.81	16.82	13.79	8.56	7.63	9.22	11.84	13.76	14.52	obscure	obscure	False
te	58.0	67.0	40.0	753.0	14.21	12.64	14.41	12.88	13.44	13.51	8.4	14.51	17.54	3.7	12.29	obscure	obscure	False
to	58.0	66.0	41.0	753.0	13.75	12.6	14.41	12.73	13.44	13.51	8.4	14.51	17.54	3.7	12.14	obscure	obscure	False
nja	52.0	53.0	49.0	764.0	9.18	11.29	3.6	9.85	12.65	13.29	9.67	12.35	14.47	7.41	11.9	obscure	obscure	False
san	47.0	49.0	59.0	763.0	9.18	10.82	15.32	10.76	11.69	11.26	6.62	6.27	16.23	13.23	12.52	obscure	obscure	False
wa	64.0	34.0	25.0	795.0	17.36	10.35	15.32	11.36	10.12	10.14	8.14	10.98	16.67	4.23	9.52	obscure	obscure	False
puwa	49.0	44.0	41.0	784.0	17.4	10.02	9.01	13.48	10.38	9.68	3.82	12.35	10.96	8.47	9.29	obscure	obscure	False
melome	35.0	64.0	37.0	782.0	7.22	9.8	10.81	10.61	10.38	9.46	6.87	10.59	12.28	5.29	10.68	obscure	obscure	False
mijomi	31.0	64.0	38.0	785.0	6.95	9.4	9.91	10.3	9.86	9.01	6.87	11.18	11.84	5.29	9.91	obscure	obscure	False
pake	38.0	49.0	37.0	794.0	13.06	9.04	12.61	10.91	9.08	6.31	7.89	8.82	10.09	14.29	8.99	obscure	obscure	False
kapesi	36.0	40.0	55.0	787.0	18.59	8.82	18.02	11.21	8.12	7.21	6.11	8.04	7.89	17.46	9.14	obscure	obscure	False
kamalawala	27.0	49.0	62.0	780.0	9.79	8.75	9.01	10.0	8.73	7.43	8.14	10.78	13.6	4.76	8.53	obscure	obscure	False
ojuta	31.0	49.0	41.0	797.0	5.61	8.42	0.0	7.88	9.77	9.91	6.11	8.63	13.16	6.88	8.76	obscure	obscure	False
owe	29.0	47.0	43.0	799.0	5.38	8.13	10.81	6.82	10.73	4.28	6.36	5.49	16.23	4.23	9.68	obscure	obscure	False
kulijo	32.0	46.0	35.0	805.0	6.68	8.1	5.41	8.94	9.34	6.98	5.09	6.67	10.09	3.7	9.52	obscure	obscure	False
unu	39.0	32.0	39.0	808.0	15.75	7.99	14.41	9.7	7.16	6.31	7.63	8.24	11.84	12.17	7.76	obscure	obscure	False
jami	33.0	39.0	40.0	806.0	6.11	7.88	9.01	6.52	8.12	7.66	9.41	8.24	7.46	5.29	8.83	obscure	obscure	False
taki	34.0	30.0	45.0	809.0	14.25	7.52	6.31	8.94	7.59	5.63	7.38	9.8	14.47	3.7	6.84	obscure	obscure	False
teje	33.0	33.0	41.0	811.0	5.61	7.48	10.81	6.67	6.63	9.68	7.89	9.61	7.89	8.99	6.99	obscure	obscure	False
soto	31.0	34.0	41.0	812.0	5.61	7.33	11.71	6.82	6.2	9.68	7.63	8.82	7.89	9.52	6.76	obscure	obscure	False
misa	24.0	46.0	37.0	811.0	13.21	7.3	11.71	8.33	7.42	7.88	3.31	8.63	9.21	5.82	6.91	obscure	obscure	False
konwe	27.0	39.0	35.0	817.0	7.07	7.04	9.91	6.97	7.42	6.53	5.85	8.43	6.58	13.23	5.91	obscure	obscure	False
sutopatikuna	22.0	33.0	51.0	812.0	8.49	6.64	6.31	6.52	8.03	6.76	2.8	5.1	8.33	8.47	7.45	obscure	obscure	False
po	27.0	29.0	44.0	818.0	5.11	6.64	11.71	7.88	6.37	5.18	5.6	5.69	9.21	10.05	7.37	obscure	obscure	False
wasoweli	26.0	33.0	39.0	820.0	6.03	6.64	0.9	5.3	6.89	11.04	4.83	6.08	7.02	7.94	6.45	obscure	obscure	False
wekama	23.0	30.0	33.0	832.0	4.57	5.88	5.41	4.7	7.33	6.08	3.56	6.27	9.65	4.76	5.84	obscure	obscure	False
pika	26.0	27.0	26.0	839.0	4.76	5.74	3.6	4.24	4.1	9.23	9.67	9.22	3.51	7.94	4.38	obscure	obscure	False
penpo	26.0	24.0	19.0	849.0		5.27	5.41	5.15	7.68	2.7	1.27	1.37	15.79	1.59	6.84	sandbox	obscure	True
pakola	14.0	32.0	34.0	838.0	2.76	5.08	5.41	6.06	5.67	4.5	2.29	3.92	7.46	8.47	4.84	sandbox	obscure	True
mulapisu	10.0	34.0	39.0	835.0	6.22	4.97	8.11	8.18	4.71	2.48	2.29	4.31	10.96	4.23	4.69	obscure	obscure	False
Pingo	16.0	24.0	26.0	852.0	4.34	4.43	5.41	6.52	4.01	3.38	3.05	5.69	6.14	0.0	4.3	sandbox	sandbox	False
kisa	12.0	26.0	21.0	859.0	4.38	3.96	5.41	3.03	4.89	3.83	2.54	3.73	4.39	2.65	4.15	sandbox	sandbox	False
eliki	16.0	25.0	8.0	869.0	2.65	3.85	9.01	3.33	4.89	1.58	2.8	2.75	5.7	2.65	3.61	sandbox	sandbox	False
alu	12.0	21.0	25.0	860.0	3.23	3.74	1.8	4.85	2.88	3.38	5.34	3.33	3.95	5.82	4.15	sandbox	sandbox	False
lonsi	16.0	13.0	11.0	878.0		3.09	1.8	2.73	4.71	1.58	1.02	0.39	7.89	3.17	3.84	sandbox	sandbox	False
kije	7.0	20.0	18.0	873.0		2.87	1.8	3.94	2.71	2.93	1.78	1.96	5.7	0.53	3.0	sandbox	sandbox	False
kan	12.0	14.0	13.0	879.0	3.96	2.8	8.11	3.94	1.66	2.03	3.56	3.33	0.88	5.29	2.53	sandbox	sandbox	False
pa	15.0	7.0	9.0	887.0	3.46	2.47	0.0	3.03	2.44	2.7	2.04	1.76	6.58	1.06	2.15	sandbox	sandbox	False
jipi	9.0	10.0	8.0	891.0		2.0	0.0	2.58	2.36	1.58	1.02	1.96	4.82	0.0	2.0	sandbox	sandbox	False
ki	3.0	8.0	10.0	897.0	1.5	1.27	0.9	2.58	0.79	1.35	0.51	1.18	0.88	4.23	1.08	sandbox	sandbox	False
ta	5.0	7.0	4.0	902.0	1.08	1.2	1.8	2.12	0.79	1.35	0.51	0.98	1.75	1.59	1.08	sandbox	sandbox	False
lo	3.0	2.0	8.0	905.0	0.65	0.76	0.9	0.91	0.79	0.45	0.76	0.39	0.0	0.0	0.77	sandbox	sandbox	False
lan	4.0	2.0	2.0	910.0		0.65	0.0	0.45	1.13	0.0	0.51	0.98	0.0	0.0	0.46	sandbox	sandbox	False
nini	1.0	1.0	2.0	914.0		0.25	0.0	0.15	0.26	0.23	0.51	0.39	0.0	0.0	0.31	sandbox	sandbox	False
mejuse	0.0	0.0	0.0	918.0		0.0	0.0	0.0	0.0	0.0	0.0	0.0	0.0	0.0	0.0	sandbox	sandbox	False
nujosi	0.0	0.0	0.0	918.0		0.0	0.0	0.0	0.0	0.0	0.0	0.0	0.0	0.0	0.0	sandbox	sandbox	False
jonke					4.92											obscure	sandbox	True
pata					4.34											sandbox	sandbox	False
kalamARR					4.34											sandbox	sandbox	False
likujo					4.3											sandbox	sandbox	False
ete					4.22											sandbox	sandbox	False
jule					4.03											sandbox	sandbox	False
oki					3.99											sandbox	sandbox	False
polinpin					3.96											sandbox	sandbox	False
enko					3.88											sandbox	sandbox	False
wawajete					3.84											sandbox	sandbox	False
molusa					3.57											sandbox	sandbox	False
omekalike					3.46											sandbox	sandbox	False
nalanja					3.23											sandbox	sandbox	False
kuntu					3.23											sandbox	sandbox	False
pasila					3.07											sandbox	sandbox	False
waleja					2.76											sandbox	sandbox	False
natu					2.73											sandbox	sandbox	False
jume					2.69											sandbox	sandbox	False
kepen					2.61											sandbox	sandbox	False
je					2.5											sandbox	sandbox	False
peto					2.46											sandbox	sandbox	False
tuli					2.27											sandbox	sandbox	False
alente					2.23											sandbox	sandbox	False
poni					2.19											sandbox	sandbox	False
okepuma					2.19											sandbox	sandbox	False
pipo					2.15											sandbox	sandbox	False
nele					2.07											sandbox	sandbox	False
kese					2.0											sandbox	sandbox	False
pomotolo					1.96											sandbox	sandbox	False
oni					1.96											sandbox	sandbox	False
slape					1.77											sandbox	sandbox	False
omen					1.73											sandbox	sandbox	False
ke					1.73											sandbox	sandbox	False
kulu					1.69											sandbox	sandbox	False
peta					1.69											sandbox	sandbox	False
sikomo					1.65											sandbox	sandbox	False
yutu					1.65											sandbox	sandbox	False
kalijopilale					1.57											sandbox	sandbox	False
tokana					1.57											sandbox	sandbox	False
we (content word)					1.5											sandbox	sandbox	False
kosan					1.5											sandbox	sandbox	False
ewe					1.46											sandbox	sandbox	False
awase					1.38											sandbox	sandbox	False
jaku					1.27											sandbox	sandbox	False
i					1.23											sandbox	sandbox	False
ipi					1.23											sandbox	sandbox	False
neja					1.19											sandbox	sandbox	False
loka					1.15											sandbox	sandbox	False
samu					1.15											sandbox	sandbox	False
itomi					1.08											sandbox	sandbox	False
ten					1.08											sandbox	sandbox	False
umesu					1.04											sandbox	sandbox	False
towoki					1.04											sandbox	sandbox	False
kapa					1.04											sandbox	sandbox	False
iki					1.0											sandbox	sandbox	False
aka					0.96											sandbox	sandbox	False
kikolo					0.96											sandbox	sandbox	False
olala					0.92											sandbox	sandbox	False
we (particle)					0.92											sandbox	sandbox	False
jalan					0.92											sandbox	sandbox	False
jans					0.92											sandbox	sandbox	False
u					0.92											sandbox	sandbox	False
apowesi					0.88											sandbox	sandbox	False
lapan					0.88											sandbox	sandbox	False
sipi					0.81											sandbox	sandbox	False
enepi					0.81											sandbox	sandbox	False
kana					0.81											sandbox	sandbox	False
wi					0.81											sandbox	sandbox	False
wiwi					0.81											sandbox	sandbox	False
konsi					0.81											sandbox	sandbox	False
anta					0.73											sandbox	sandbox	False
nowi					0.69											sandbox	sandbox	False
aku					0.69											sandbox	sandbox	False
panke					0.65											sandbox	sandbox	False
papa					0.61											sandbox	sandbox	False
ju					0.61											sandbox	sandbox	False
kokoliko					0.61											sandbox	sandbox	False
apelo					0.61											sandbox	sandbox	False
eki					0.58											sandbox	sandbox	False
nu					0.58											sandbox	sandbox	False
sikako					0.58											sandbox	sandbox	False
konsuno					0.58											sandbox	sandbox	False
kosikosa					0.5											sandbox	sandbox	False
sapelipope					0.5											sandbox	sandbox	False
lokon					0.5											sandbox	sandbox	False
tona					0.5											sandbox	sandbox	False
tankala / tenkala					0.5											sandbox	sandbox	False
lu					0.5											sandbox	sandbox	False
pipolo					0.46											sandbox	sandbox	False
teki					0.42											sandbox	sandbox	False
masalo					0.42											sandbox	sandbox	False
kasan					0.42											sandbox	sandbox	False
ulu					0.42											sandbox	sandbox	False
suke					0.42											sandbox	sandbox	False
mamasi					0.38											sandbox	sandbox	False
kalapisituji					0.38											sandbox	sandbox	False
siwala					0.38											sandbox	sandbox	False
sole					0.38											sandbox	sandbox	False
ako					0.38											sandbox	sandbox	False
waken					0.35											sandbox	sandbox	False
se					0.35											sandbox	sandbox	False
si\i\ilapa					0.35											sandbox	sandbox	False
teken					0.35											sandbox	sandbox	False
lijokuku					0.35											sandbox	sandbox	False
aleta					0.31											sandbox	sandbox	False
kikulo					0.31											sandbox	sandbox	False
inta					0.31											sandbox	sandbox	False
toma					0.31											sandbox	sandbox	False
ata					0.31											sandbox	sandbox	False
antikontitutonelema					0.27											sandbox	sandbox	False
kutopoma					0.27											sandbox	sandbox	False
awa					0.23											sandbox	sandbox	False
sali					0.23											sandbox	sandbox	False
ne					0.19											sandbox	sandbox	False
api					0.19											sandbox	sandbox	False
asen					0.15											sandbox	sandbox	False
aki					0.15											sandbox	sandbox	False
sipije					0.12											sandbox	sandbox	False
inisa					0.12											sandbox	sandbox	False
an					0.12											sandbox	sandbox	False
likono					0.12											sandbox	sandbox	False
lajotu					0.12											sandbox	sandbox	False
tapuje					0.08											sandbox	sandbox	False
onono					0.08											sandbox	sandbox	False
matu					0.08											sandbox	sandbox	False
lose					0.04											sandbox	sandbox	False
otomalasi					0.04											sandbox	sandbox	False
wasa					0.04											sandbox	sandbox	False
nali					0.0											sandbox	sandbox	False
pataka					0.0											sandbox	sandbox	False
salo					0.0											sandbox	sandbox	False
